"Age","Sex","Deaths","Population","CR","YearGroup","Mechanism"
12,"Male",56,15278366,0.37,"2001-2007","Firearm"
12,"Female",NA,14552397,NA,"2001-2007","Firearm"
13,"Male",121,15292379,0.79,"2001-2007","Firearm"
13,"Female",26,14562264,0.18,"2001-2007","Firearm"
14,"Male",219,15243369,1.44,"2001-2007","Firearm"
14,"Female",52,14499825,0.36,"2001-2007","Firearm"
15,"Male",390,15311749,2.55,"2001-2007","Firearm"
15,"Female",91,14535499,0.63,"2001-2007","Firearm"
16,"Male",657,15345857,4.28,"2001-2007","Firearm"
16,"Female",105,14505660,0.72,"2001-2007","Firearm"
17,"Male",867,15258639,5.68,"2001-2007","Firearm"
17,"Female",125,14338504,0.87,"2001-2007","Firearm"
18,"Male",1210,15225999,7.95,"2001-2007","Firearm"
18,"Female",97,14297744,0.68,"2001-2007","Firearm"
19,"Male",1503,15202278,9.89,"2001-2007","Firearm"
19,"Female",127,14306181,0.89,"2001-2007","Firearm"
20,"Male",1473,15087514,9.76,"2001-2007","Firearm"
20,"Female",121,14248504,0.85,"2001-2007","Firearm"
21,"Male",1793,15046137,11.92,"2001-2007","Firearm"
21,"Female",170,14284549,1.19,"2001-2007","Firearm"
22,"Male",1738,14825512,11.72,"2001-2007","Firearm"
22,"Female",162,14141719,1.15,"2001-2007","Firearm"
23,"Male",1644,14579129,11.28,"2001-2007","Firearm"
23,"Female",177,14011043,1.26,"2001-2007","Firearm"
24,"Male",1619,14365171,11.27,"2001-2007","Firearm"
24,"Female",168,13923790,1.21,"2001-2007","Firearm"
25,"Male",1526,14136309,10.8,"2001-2007","Firearm"
25,"Female",190,13832897,1.37,"2001-2007","Firearm"
26,"Male",1462,13802069,10.59,"2001-2007","Firearm"
26,"Female",169,13621847,1.24,"2001-2007","Firearm"
27,"Male",1405,13589471,10.34,"2001-2007","Firearm"
27,"Female",171,13460164,1.27,"2001-2007","Firearm"
28,"Male",1404,13399979,10.48,"2001-2007","Firearm"
28,"Female",205,13219942,1.55,"2001-2007","Firearm"
29,"Male",1376,13354867,10.3,"2001-2007","Firearm"
29,"Female",198,13159116,1.51,"2001-2007","Firearm"
30,"Male",1392,13763080,10.11,"2001-2007","Firearm"
30,"Female",221,13540954,1.63,"2001-2007","Firearm"
31,"Male",1410,13832867,10.19,"2001-2007","Firearm"
31,"Female",195,13699986,1.42,"2001-2007","Firearm"
32,"Male",1399,14153704,9.88,"2001-2007","Firearm"
32,"Female",239,14049007,1.7,"2001-2007","Firearm"
33,"Male",1454,14225028,10.22,"2001-2007","Firearm"
33,"Female",238,14156369,1.68,"2001-2007","Firearm"
34,"Male",1479,14372008,10.29,"2001-2007","Firearm"
34,"Female",219,14329222,1.53,"2001-2007","Firearm"
35,"Male",1484,14596865,10.17,"2001-2007","Firearm"
35,"Female",237,14547532,1.63,"2001-2007","Firearm"
36,"Male",1434,14764600,9.71,"2001-2007","Firearm"
36,"Female",260,14775564,1.76,"2001-2007","Firearm"
37,"Male",1586,14846225,10.68,"2001-2007","Firearm"
37,"Female",270,14906835,1.81,"2001-2007","Firearm"
38,"Male",1647,14917932,11.04,"2001-2007","Firearm"
38,"Female",252,15040463,1.68,"2001-2007","Firearm"
39,"Male",1668,15141736,11.02,"2001-2007","Firearm"
39,"Female",386,15291828,2.52,"2001-2007","Firearm"
40,"Male",1769,15370961,11.51,"2001-2007","Firearm"
40,"Female",341,15584153,2.19,"2001-2007","Firearm"
41,"Male",1843,15720628,11.72,"2001-2007","Firearm"
41,"Female",370,15932239,2.32,"2001-2007","Firearm"
42,"Male",1878,15852660,11.85,"2001-2007","Firearm"
42,"Female",338,16097378,2.1,"2001-2007","Firearm"
43,"Male",1933,15856716,12.19,"2001-2007","Firearm"
43,"Female",408,16156753,2.53,"2001-2007","Firearm"
44,"Male",1994,15724774,12.68,"2001-2007","Firearm"
44,"Female",439,16066420,2.73,"2001-2007","Firearm"
45,"Male",1996,15564779,12.82,"2001-2007","Firearm"
45,"Female",424,15945105,2.66,"2001-2007","Firearm"
46,"Male",1983,15501380,12.79,"2001-2007","Firearm"
46,"Female",391,15870720,2.46,"2001-2007","Firearm"
47,"Male",2061,15279018,13.49,"2001-2007","Firearm"
47,"Female",419,15681235,2.67,"2001-2007","Firearm"
48,"Male",2037,14862623,13.71,"2001-2007","Firearm"
48,"Female",392,15337964,2.56,"2001-2007","Firearm"
49,"Male",1969,14565284,13.52,"2001-2007","Firearm"
49,"Female",371,15063489,2.46,"2001-2007","Firearm"
50,"Male",1955,14110555,13.86,"2001-2007","Firearm"
50,"Female",363,14673162,2.47,"2001-2007","Firearm"
51,"Male",1940,13843473,14.01,"2001-2007","Firearm"
51,"Female",354,14400601,2.46,"2001-2007","Firearm"
52,"Male",1912,13444026,14.22,"2001-2007","Firearm"
52,"Female",300,14042246,2.14,"2001-2007","Firearm"
53,"Male",1876,13111244,14.31,"2001-2007","Firearm"
53,"Female",341,13729376,2.48,"2001-2007","Firearm"
54,"Male",1857,12938029,14.35,"2001-2007","Firearm"
54,"Female",330,13585978,2.43,"2001-2007","Firearm"
55,"Male",1674,12246837,13.67,"2001-2007","Firearm"
55,"Female",336,12934953,2.6,"2001-2007","Firearm"
56,"Male",1719,11779893,14.59,"2001-2007","Firearm"
56,"Female",264,12450680,2.12,"2001-2007","Firearm"
57,"Male",1586,11234878,14.12,"2001-2007","Firearm"
57,"Female",286,11918351,2.4,"2001-2007","Firearm"
58,"Male",1621,10763052,15.06,"2001-2007","Firearm"
58,"Female",263,11477511,2.29,"2001-2007","Firearm"
59,"Male",1548,10172225,15.22,"2001-2007","Firearm"
59,"Female",233,10910131,2.14,"2001-2007","Firearm"
60,"Male",1418,9462705,14.99,"2001-2007","Firearm"
60,"Female",243,10226922,2.38,"2001-2007","Firearm"
61,"Male",1353,8806249,15.36,"2001-2007","Firearm"
61,"Female",207,9569147,2.16,"2001-2007","Firearm"
62,"Male",1187,8450687,14.05,"2001-2007","Firearm"
62,"Female",165,9246866,1.78,"2001-2007","Firearm"
63,"Male",1163,8095054,14.37,"2001-2007","Firearm"
63,"Female",212,8917884,2.38,"2001-2007","Firearm"
64,"Male",1148,7659669,14.99,"2001-2007","Firearm"
64,"Female",154,8499124,1.81,"2001-2007","Firearm"
65,"Male",1059,7204022,14.7,"2001-2007","Firearm"
65,"Female",141,8080646,1.75,"2001-2007","Firearm"
66,"Male",1068,6894442,15.49,"2001-2007","Firearm"
66,"Female",133,7797203,1.71,"2001-2007","Firearm"
67,"Male",1088,6602519,16.48,"2001-2007","Firearm"
67,"Female",147,7535374,1.95,"2001-2007","Firearm"
68,"Male",1045,6317351,16.54,"2001-2007","Firearm"
68,"Female",110,7301002,1.51,"2001-2007","Firearm"
69,"Male",1082,6062453,17.85,"2001-2007","Firearm"
69,"Female",111,7111866,1.56,"2001-2007","Firearm"
70,"Male",1029,5803848,17.73,"2001-2007","Firearm"
70,"Female",117,6911982,1.69,"2001-2007","Firearm"
71,"Male",1031,5676321,18.16,"2001-2007","Firearm"
71,"Female",113,6852190,1.65,"2001-2007","Firearm"
72,"Male",1073,5456566,19.66,"2001-2007","Firearm"
72,"Female",82,6707662,1.22,"2001-2007","Firearm"
73,"Male",1137,5260054,21.62,"2001-2007","Firearm"
73,"Female",93,6580626,1.41,"2001-2007","Firearm"
74,"Male",1175,5083554,23.11,"2001-2007","Firearm"
74,"Female",89,6484787,1.37,"2001-2007","Firearm"
75,"Male",1238,4848306,25.54,"2001-2007","Firearm"
75,"Female",93,6338201,1.47,"2001-2007","Firearm"
76,"Male",1184,4676088,25.32,"2001-2007","Firearm"
76,"Female",114,6259416,1.82,"2001-2007","Firearm"
77,"Male",1187,4422049,26.84,"2001-2007","Firearm"
77,"Female",85,6091460,1.4,"2001-2007","Firearm"
78,"Male",1145,4146023,27.62,"2001-2007","Firearm"
78,"Female",74,5874683,1.26,"2001-2007","Firearm"
79,"Male",1094,3875813,28.23,"2001-2007","Firearm"
79,"Female",86,5663996,1.52,"2001-2007","Firearm"
80,"Male",1073,3563912,30.11,"2001-2007","Firearm"
80,"Female",67,5383986,1.24,"2001-2007","Firearm"
81,"Male",1005,3271535,30.72,"2001-2007","Firearm"
81,"Female",71,5124415,1.39,"2001-2007","Firearm"
82,"Male",1008,2927301,34.43,"2001-2007","Firearm"
82,"Female",66,4763663,1.39,"2001-2007","Firearm"
83,"Male",855,2611090,32.75,"2001-2007","Firearm"
83,"Female",57,4397390,1.3,"2001-2007","Firearm"
84,"Male",778,2273367,34.22,"2001-2007","Firearm"
84,"Female",31,3989591,0.78,"2001-2007","Firearm"
12,"Male",140,15278366,0.92,"2001-2007","Non-Firearm"
12,"Female",46,14552397,0.32,"2001-2007","Non-Firearm"
13,"Male",225,15292379,1.47,"2001-2007","Non-Firearm"
13,"Female",115,14562264,0.79,"2001-2007","Non-Firearm"
14,"Male",321,15243369,2.11,"2001-2007","Non-Firearm"
14,"Female",189,14499825,1.3,"2001-2007","Non-Firearm"
15,"Male",474,15311749,3.1,"2001-2007","Non-Firearm"
15,"Female",253,14535499,1.74,"2001-2007","Non-Firearm"
16,"Male",636,15345857,4.14,"2001-2007","Non-Firearm"
16,"Female",283,14505660,1.95,"2001-2007","Non-Firearm"
17,"Male",845,15258639,5.54,"2001-2007","Non-Firearm"
17,"Female",266,14338504,1.86,"2001-2007","Non-Firearm"
18,"Male",1071,15225999,7.03,"2001-2007","Non-Firearm"
18,"Female",299,14297744,2.09,"2001-2007","Non-Firearm"
19,"Male",1325,15202278,8.72,"2001-2007","Non-Firearm"
19,"Female",336,14306181,2.35,"2001-2007","Non-Firearm"
20,"Male",1329,15087514,8.81,"2001-2007","Non-Firearm"
20,"Female",324,14248504,2.27,"2001-2007","Non-Firearm"
21,"Male",1425,15046137,9.47,"2001-2007","Non-Firearm"
21,"Female",363,14284549,2.54,"2001-2007","Non-Firearm"
22,"Male",1402,14825512,9.46,"2001-2007","Non-Firearm"
22,"Female",336,14141719,2.38,"2001-2007","Non-Firearm"
23,"Male",1457,14579129,9.99,"2001-2007","Non-Firearm"
23,"Female",335,14011043,2.39,"2001-2007","Non-Firearm"
24,"Male",1467,14365171,10.21,"2001-2007","Non-Firearm"
24,"Female",363,13923790,2.61,"2001-2007","Non-Firearm"
25,"Male",1423,14136309,10.07,"2001-2007","Non-Firearm"
25,"Female",397,13832897,2.87,"2001-2007","Non-Firearm"
26,"Male",1407,13802069,10.19,"2001-2007","Non-Firearm"
26,"Female",364,13621847,2.67,"2001-2007","Non-Firearm"
27,"Male",1397,13589471,10.28,"2001-2007","Non-Firearm"
27,"Female",407,13460164,3.02,"2001-2007","Non-Firearm"
28,"Male",1363,13399979,10.17,"2001-2007","Non-Firearm"
28,"Female",418,13219942,3.16,"2001-2007","Non-Firearm"
29,"Male",1423,13354867,10.66,"2001-2007","Non-Firearm"
29,"Female",405,13159116,3.08,"2001-2007","Non-Firearm"
30,"Male",1450,13763080,10.54,"2001-2007","Non-Firearm"
30,"Female",433,13540954,3.2,"2001-2007","Non-Firearm"
31,"Male",1535,13832867,11.1,"2001-2007","Non-Firearm"
31,"Female",462,13699986,3.37,"2001-2007","Non-Firearm"
32,"Male",1479,14153704,10.45,"2001-2007","Non-Firearm"
32,"Female",496,14049007,3.53,"2001-2007","Non-Firearm"
33,"Male",1571,14225028,11.04,"2001-2007","Non-Firearm"
33,"Female",492,14156369,3.48,"2001-2007","Non-Firearm"
34,"Male",1677,14372008,11.67,"2001-2007","Non-Firearm"
34,"Female",557,14329222,3.89,"2001-2007","Non-Firearm"
35,"Male",1733,14596865,11.87,"2001-2007","Non-Firearm"
35,"Female",574,14547532,3.95,"2001-2007","Non-Firearm"
36,"Male",1664,14764600,11.27,"2001-2007","Non-Firearm"
36,"Female",609,14775564,4.12,"2001-2007","Non-Firearm"
37,"Male",1787,14846225,12.04,"2001-2007","Non-Firearm"
37,"Female",621,14906835,4.17,"2001-2007","Non-Firearm"
38,"Male",1826,14917932,12.24,"2001-2007","Non-Firearm"
38,"Female",656,15040463,4.36,"2001-2007","Non-Firearm"
39,"Male",1850,15141736,12.22,"2001-2007","Non-Firearm"
39,"Female",709,15291828,4.64,"2001-2007","Non-Firearm"
40,"Male",1958,15370961,12.74,"2001-2007","Non-Firearm"
40,"Female",750,15584153,4.81,"2001-2007","Non-Firearm"
41,"Male",1957,15720628,12.45,"2001-2007","Non-Firearm"
41,"Female",823,15932239,5.17,"2001-2007","Non-Firearm"
42,"Male",1995,15852660,12.59,"2001-2007","Non-Firearm"
42,"Female",828,16097378,5.14,"2001-2007","Non-Firearm"
43,"Male",1946,15856716,12.27,"2001-2007","Non-Firearm"
43,"Female",846,16156753,5.24,"2001-2007","Non-Firearm"
44,"Male",2018,15724774,12.83,"2001-2007","Non-Firearm"
44,"Female",902,16066420,5.61,"2001-2007","Non-Firearm"
45,"Male",1879,15564779,12.07,"2001-2007","Non-Firearm"
45,"Female",875,15945105,5.49,"2001-2007","Non-Firearm"
46,"Male",1902,15501380,12.27,"2001-2007","Non-Firearm"
46,"Female",881,15870720,5.55,"2001-2007","Non-Firearm"
47,"Male",1914,15279018,12.53,"2001-2007","Non-Firearm"
47,"Female",893,15681235,5.7,"2001-2007","Non-Firearm"
48,"Male",1785,14862623,12.01,"2001-2007","Non-Firearm"
48,"Female",880,15337964,5.74,"2001-2007","Non-Firearm"
49,"Male",1726,14565284,11.85,"2001-2007","Non-Firearm"
49,"Female",891,15063489,5.92,"2001-2007","Non-Firearm"
50,"Male",1599,14110555,11.33,"2001-2007","Non-Firearm"
50,"Female",816,14673162,5.56,"2001-2007","Non-Firearm"
51,"Male",1473,13843473,10.64,"2001-2007","Non-Firearm"
51,"Female",817,14400601,5.67,"2001-2007","Non-Firearm"
52,"Male",1482,13444026,11.02,"2001-2007","Non-Firearm"
52,"Female",786,14042246,5.6,"2001-2007","Non-Firearm"
53,"Male",1317,13111244,10.05,"2001-2007","Non-Firearm"
53,"Female",702,13729376,5.11,"2001-2007","Non-Firearm"
54,"Male",1271,12938029,9.82,"2001-2007","Non-Firearm"
54,"Female",672,13585978,4.95,"2001-2007","Non-Firearm"
55,"Male",1185,12246837,9.68,"2001-2007","Non-Firearm"
55,"Female",618,12934953,4.78,"2001-2007","Non-Firearm"
56,"Male",1013,11779893,8.6,"2001-2007","Non-Firearm"
56,"Female",543,12450680,4.36,"2001-2007","Non-Firearm"
57,"Male",950,11234878,8.46,"2001-2007","Non-Firearm"
57,"Female",537,11918351,4.51,"2001-2007","Non-Firearm"
58,"Male",921,10763052,8.56,"2001-2007","Non-Firearm"
58,"Female",493,11477511,4.3,"2001-2007","Non-Firearm"
59,"Male",798,10172225,7.85,"2001-2007","Non-Firearm"
59,"Female",477,10910131,4.37,"2001-2007","Non-Firearm"
60,"Male",735,9462705,7.77,"2001-2007","Non-Firearm"
60,"Female",424,10226922,4.15,"2001-2007","Non-Firearm"
61,"Male",594,8806249,6.75,"2001-2007","Non-Firearm"
61,"Female",340,9569147,3.55,"2001-2007","Non-Firearm"
62,"Male",528,8450687,6.25,"2001-2007","Non-Firearm"
62,"Female",317,9246866,3.43,"2001-2007","Non-Firearm"
63,"Male",448,8095054,5.53,"2001-2007","Non-Firearm"
63,"Female",269,8917884,3.02,"2001-2007","Non-Firearm"
64,"Male",425,7659669,5.55,"2001-2007","Non-Firearm"
64,"Female",256,8499124,3.01,"2001-2007","Non-Firearm"
65,"Male",394,7204022,5.47,"2001-2007","Non-Firearm"
65,"Female",222,8080646,2.75,"2001-2007","Non-Firearm"
66,"Male",360,6894442,5.22,"2001-2007","Non-Firearm"
66,"Female",196,7797203,2.51,"2001-2007","Non-Firearm"
67,"Male",315,6602519,4.77,"2001-2007","Non-Firearm"
67,"Female",188,7535374,2.5,"2001-2007","Non-Firearm"
68,"Male",317,6317351,5.02,"2001-2007","Non-Firearm"
68,"Female",169,7301002,2.32,"2001-2007","Non-Firearm"
69,"Male",304,6062453,5.01,"2001-2007","Non-Firearm"
69,"Female",144,7111866,2.03,"2001-2007","Non-Firearm"
70,"Male",281,5803848,4.84,"2001-2007","Non-Firearm"
70,"Female",161,6911982,2.33,"2001-2007","Non-Firearm"
71,"Male",280,5676321,4.93,"2001-2007","Non-Firearm"
71,"Female",166,6852190,2.42,"2001-2007","Non-Firearm"
72,"Male",281,5456566,5.15,"2001-2007","Non-Firearm"
72,"Female",169,6707662,2.52,"2001-2007","Non-Firearm"
73,"Male",286,5260054,5.44,"2001-2007","Non-Firearm"
73,"Female",145,6580626,2.2,"2001-2007","Non-Firearm"
74,"Male",254,5083554,5,"2001-2007","Non-Firearm"
74,"Female",126,6484787,1.94,"2001-2007","Non-Firearm"
75,"Male",254,4848306,5.24,"2001-2007","Non-Firearm"
75,"Female",160,6338201,2.52,"2001-2007","Non-Firearm"
76,"Male",259,4676088,5.54,"2001-2007","Non-Firearm"
76,"Female",170,6259416,2.72,"2001-2007","Non-Firearm"
77,"Male",237,4422049,5.36,"2001-2007","Non-Firearm"
77,"Female",138,6091460,2.27,"2001-2007","Non-Firearm"
78,"Male",251,4146023,6.05,"2001-2007","Non-Firearm"
78,"Female",157,5874683,2.67,"2001-2007","Non-Firearm"
79,"Male",241,3875813,6.22,"2001-2007","Non-Firearm"
79,"Female",128,5663996,2.26,"2001-2007","Non-Firearm"
80,"Male",228,3563912,6.4,"2001-2007","Non-Firearm"
80,"Female",143,5383986,2.66,"2001-2007","Non-Firearm"
81,"Male",248,3271535,7.58,"2001-2007","Non-Firearm"
81,"Female",131,5124415,2.56,"2001-2007","Non-Firearm"
82,"Male",232,2927301,7.93,"2001-2007","Non-Firearm"
82,"Female",139,4763663,2.92,"2001-2007","Non-Firearm"
83,"Male",205,2611090,7.85,"2001-2007","Non-Firearm"
83,"Female",139,4397390,3.16,"2001-2007","Non-Firearm"
84,"Male",205,2273367,9.02,"2001-2007","Non-Firearm"
84,"Female",104,3989591,2.61,"2001-2007","Non-Firearm"
12,"Male",75,14787575,0.51,"2008-2014","Firearm"
12,"Female",NA,14149656,NA,"2008-2014","Firearm"
13,"Male",175,14896737,1.18,"2008-2014","Firearm"
13,"Female",41,14235929,0.29,"2008-2014","Firearm"
14,"Male",306,14943371,2.05,"2008-2014","Firearm"
14,"Female",59,14254903,0.41,"2008-2014","Firearm"
15,"Male",485,15075757,3.22,"2008-2014","Firearm"
15,"Female",86,14361488,0.6,"2008-2014","Firearm"
16,"Male",698,15294888,4.56,"2008-2014","Firearm"
16,"Female",115,14546262,0.79,"2008-2014","Firearm"
17,"Male",859,15537658,5.53,"2008-2014","Firearm"
17,"Female",118,14726424,0.8,"2008-2014","Firearm"
18,"Male",1178,15860442,7.43,"2008-2014","Firearm"
18,"Female",101,15040706,0.67,"2008-2014","Firearm"
19,"Male",1335,16042825,8.32,"2008-2014","Firearm"
19,"Female",138,15238395,0.91,"2008-2014","Firearm"
20,"Male",1386,16001818,8.66,"2008-2014","Firearm"
20,"Female",158,15221609,1.04,"2008-2014","Firearm"
21,"Male",1755,15973123,10.99,"2008-2014","Firearm"
21,"Female",210,15227582,1.38,"2008-2014","Firearm"
22,"Male",1906,15870035,12.01,"2008-2014","Firearm"
22,"Female",225,15157077,1.48,"2008-2014","Firearm"
23,"Male",1917,15715670,12.2,"2008-2014","Firearm"
23,"Female",203,15063451,1.35,"2008-2014","Firearm"
24,"Male",1809,15497015,11.67,"2008-2014","Firearm"
24,"Female",251,14905241,1.68,"2008-2014","Firearm"
25,"Male",1803,15323880,11.77,"2008-2014","Firearm"
25,"Female",237,14808484,1.6,"2008-2014","Firearm"
26,"Male",1765,15131651,11.66,"2008-2014","Firearm"
26,"Female",221,14736178,1.5,"2008-2014","Firearm"
27,"Male",1642,15095415,10.88,"2008-2014","Firearm"
27,"Female",269,14840739,1.81,"2008-2014","Firearm"
28,"Male",1646,15027557,10.95,"2008-2014","Firearm"
28,"Female",254,14826649,1.71,"2008-2014","Firearm"
29,"Male",1611,14845608,10.85,"2008-2014","Firearm"
29,"Female",269,14677331,1.83,"2008-2014","Firearm"
30,"Male",1527,14802910,10.32,"2008-2014","Firearm"
30,"Female",253,14613733,1.73,"2008-2014","Firearm"
31,"Male",1545,14478076,10.67,"2008-2014","Firearm"
31,"Female",293,14386329,2.04,"2008-2014","Firearm"
32,"Male",1455,14365015,10.13,"2008-2014","Firearm"
32,"Female",255,14308012,1.78,"2008-2014","Firearm"
33,"Male",1513,14140911,10.7,"2008-2014","Firearm"
33,"Female",255,14115763,1.81,"2008-2014","Firearm"
34,"Male",1490,13953390,10.68,"2008-2014","Firearm"
34,"Female",258,13954633,1.85,"2008-2014","Firearm"
35,"Male",1507,13766489,10.95,"2008-2014","Firearm"
35,"Female",268,13790316,1.94,"2008-2014","Firearm"
36,"Male",1478,13730920,10.76,"2008-2014","Firearm"
36,"Female",288,13814558,2.09,"2008-2014","Firearm"
37,"Male",1649,13884445,11.88,"2008-2014","Firearm"
37,"Female",272,14014975,1.94,"2008-2014","Firearm"
38,"Male",1674,14114209,11.86,"2008-2014","Firearm"
38,"Female",307,14246003,2.16,"2008-2014","Firearm"
39,"Male",1653,14287995,11.57,"2008-2014","Firearm"
39,"Female",294,14422840,2.04,"2008-2014","Firearm"
40,"Male",1625,14295467,11.37,"2008-2014","Firearm"
40,"Female",353,14456026,2.44,"2008-2014","Firearm"
41,"Male",1761,14403228,12.23,"2008-2014","Firearm"
41,"Female",382,14584654,2.62,"2008-2014","Firearm"
42,"Male",1775,14570203,12.18,"2008-2014","Firearm"
42,"Female",327,14739505,2.22,"2008-2014","Firearm"
43,"Male",1814,14780803,12.27,"2008-2014","Firearm"
43,"Female",396,14962806,2.65,"2008-2014","Firearm"
44,"Male",1923,14834316,12.96,"2008-2014","Firearm"
44,"Female",386,15047743,2.57,"2008-2014","Firearm"
45,"Male",1975,14854368,13.3,"2008-2014","Firearm"
45,"Female",403,15133954,2.66,"2008-2014","Firearm"
46,"Male",2079,15001731,13.86,"2008-2014","Firearm"
46,"Female",401,15314778,2.62,"2008-2014","Firearm"
47,"Male",2139,15251362,14.03,"2008-2014","Firearm"
47,"Female",522,15610147,3.34,"2008-2014","Firearm"
48,"Male",2293,15489883,14.8,"2008-2014","Firearm"
48,"Female",506,15889191,3.19,"2008-2014","Firearm"
49,"Male",2311,15633885,14.78,"2008-2014","Firearm"
49,"Female",455,16082612,2.83,"2008-2014","Firearm"
50,"Male",2401,15569557,15.42,"2008-2014","Firearm"
50,"Female",514,16083812,3.2,"2008-2014","Firearm"
51,"Male",2464,15521618,15.88,"2008-2014","Firearm"
51,"Female",525,16077137,3.27,"2008-2014","Firearm"
52,"Male",2535,15339427,16.53,"2008-2014","Firearm"
52,"Female",488,15954345,3.06,"2008-2014","Firearm"
53,"Male",2544,15179481,16.76,"2008-2014","Firearm"
53,"Female",513,15815820,3.24,"2008-2014","Firearm"
54,"Male",2545,14950865,17.02,"2008-2014","Firearm"
54,"Female",473,15642467,3.02,"2008-2014","Firearm"
55,"Male",2428,14482734,16.77,"2008-2014","Firearm"
55,"Female",444,15273294,2.91,"2008-2014","Firearm"
56,"Male",2458,14129436,17.4,"2008-2014","Firearm"
56,"Female",444,14955708,2.97,"2008-2014","Firearm"
57,"Male",2279,13717540,16.61,"2008-2014","Firearm"
57,"Female",404,14591602,2.77,"2008-2014","Firearm"
58,"Male",2318,13322070,17.4,"2008-2014","Firearm"
58,"Female",360,14232572,2.53,"2008-2014","Firearm"
59,"Male",2216,12880705,17.2,"2008-2014","Firearm"
59,"Female",355,13828367,2.57,"2008-2014","Firearm"
60,"Male",2118,12422689,17.05,"2008-2014","Firearm"
60,"Female",350,13409791,2.61,"2008-2014","Firearm"
61,"Male",2090,12234150,17.08,"2008-2014","Firearm"
61,"Female",287,13229866,2.17,"2008-2014","Firearm"
62,"Male",1751,11654564,15.02,"2008-2014","Firearm"
62,"Female",272,12659703,2.15,"2008-2014","Firearm"
63,"Male",1768,10984765,16.1,"2008-2014","Firearm"
63,"Female",272,11987069,2.27,"2008-2014","Firearm"
64,"Male",1766,10477775,16.86,"2008-2014","Firearm"
64,"Female",277,11481410,2.41,"2008-2014","Firearm"
65,"Male",1618,10027174,16.14,"2008-2014","Firearm"
65,"Female",234,11065275,2.12,"2008-2014","Firearm"
66,"Male",1603,9443198,16.98,"2008-2014","Firearm"
66,"Female",228,10486432,2.17,"2008-2014","Firearm"
67,"Male",1437,8755921,16.41,"2008-2014","Firearm"
67,"Female",185,9804509,1.89,"2008-2014","Firearm"
68,"Male",1468,7986396,18.38,"2008-2014","Firearm"
68,"Female",169,9040243,1.87,"2008-2014","Firearm"
69,"Male",1412,7587876,18.61,"2008-2014","Firearm"
69,"Female",191,8672914,2.2,"2008-2014","Firearm"
70,"Male",1429,7147991,19.99,"2008-2014","Firearm"
70,"Female",156,8257595,1.89,"2008-2014","Firearm"
71,"Male",1300,6733978,19.31,"2008-2014","Firearm"
71,"Female",160,7858096,2.04,"2008-2014","Firearm"
72,"Male",1267,6212397,20.4,"2008-2014","Firearm"
72,"Female",127,7348359,1.73,"2008-2014","Firearm"
73,"Male",1337,5855163,22.84,"2008-2014","Firearm"
73,"Female",104,7022125,1.48,"2008-2014","Firearm"
74,"Male",1217,5494926,22.15,"2008-2014","Firearm"
74,"Female",103,6681922,1.54,"2008-2014","Firearm"
75,"Male",1199,5136072,23.35,"2008-2014","Firearm"
75,"Female",103,6352262,1.62,"2008-2014","Firearm"
76,"Male",1158,4854183,23.86,"2008-2014","Firearm"
76,"Female",101,6116936,1.65,"2008-2014","Firearm"
77,"Male",1124,4562740,24.63,"2008-2014","Firearm"
77,"Female",79,5872145,1.35,"2008-2014","Firearm"
78,"Male",1107,4321472,25.62,"2008-2014","Firearm"
78,"Female",77,5686677,1.35,"2008-2014","Firearm"
79,"Male",1136,4058516,27.99,"2008-2014","Firearm"
79,"Female",76,5479853,1.39,"2008-2014","Firearm"
80,"Male",1083,3766953,28.75,"2008-2014","Firearm"
80,"Female",79,5224413,1.51,"2008-2014","Firearm"
81,"Male",1113,3537625,31.46,"2008-2014","Firearm"
81,"Female",80,5059927,1.58,"2008-2014","Firearm"
82,"Male",1022,3259498,31.36,"2008-2014","Firearm"
82,"Female",67,4830467,1.39,"2008-2014","Firearm"
83,"Male",1014,2990102,33.91,"2008-2014","Firearm"
83,"Female",62,4595069,1.35,"2008-2014","Firearm"
84,"Male",946,2695602,35.09,"2008-2014","Firearm"
84,"Female",56,4317681,1.3,"2008-2014","Firearm"
12,"Male",148,14787575,1,"2008-2014","Non-Firearm"
12,"Female",93,14149656,0.66,"2008-2014","Non-Firearm"
13,"Male",227,14896737,1.52,"2008-2014","Non-Firearm"
13,"Female",183,14235929,1.29,"2008-2014","Non-Firearm"
14,"Male",360,14943371,2.41,"2008-2014","Non-Firearm"
14,"Female",260,14254903,1.82,"2008-2014","Non-Firearm"
15,"Male",519,15075757,3.44,"2008-2014","Non-Firearm"
15,"Female",390,14361488,2.72,"2008-2014","Non-Firearm"
16,"Male",711,15294888,4.65,"2008-2014","Non-Firearm"
16,"Female",423,14546262,2.91,"2008-2014","Non-Firearm"
17,"Male",983,15537658,6.33,"2008-2014","Non-Firearm"
17,"Female",375,14726424,2.55,"2008-2014","Non-Firearm"
18,"Male",1216,15860442,7.67,"2008-2014","Non-Firearm"
18,"Female",417,15040706,2.77,"2008-2014","Non-Firearm"
19,"Male",1509,16042825,9.41,"2008-2014","Non-Firearm"
19,"Female",445,15238395,2.92,"2008-2014","Non-Firearm"
20,"Male",1683,16001818,10.52,"2008-2014","Non-Firearm"
20,"Female",489,15221609,3.21,"2008-2014","Non-Firearm"
21,"Male",1692,15973123,10.59,"2008-2014","Non-Firearm"
21,"Female",490,15227582,3.22,"2008-2014","Non-Firearm"
22,"Male",1775,15870035,11.19,"2008-2014","Non-Firearm"
22,"Female",523,15157077,3.45,"2008-2014","Non-Firearm"
23,"Male",1709,15715670,10.87,"2008-2014","Non-Firearm"
23,"Female",491,15063451,3.26,"2008-2014","Non-Firearm"
24,"Male",1681,15497015,10.85,"2008-2014","Non-Firearm"
24,"Female",477,14905241,3.2,"2008-2014","Non-Firearm"
25,"Male",1675,15323880,10.93,"2008-2014","Non-Firearm"
25,"Female",500,14808484,3.38,"2008-2014","Non-Firearm"
26,"Male",1797,15131651,11.88,"2008-2014","Non-Firearm"
26,"Female",546,14736178,3.71,"2008-2014","Non-Firearm"
27,"Male",1711,15095415,11.34,"2008-2014","Non-Firearm"
27,"Female",542,14840739,3.65,"2008-2014","Non-Firearm"
28,"Male",1798,15027557,11.97,"2008-2014","Non-Firearm"
28,"Female",577,14826649,3.89,"2008-2014","Non-Firearm"
29,"Male",1794,14845608,12.08,"2008-2014","Non-Firearm"
29,"Female",582,14677331,3.97,"2008-2014","Non-Firearm"
30,"Male",1731,14802910,11.69,"2008-2014","Non-Firearm"
30,"Female",598,14613733,4.09,"2008-2014","Non-Firearm"
31,"Male",1784,14478076,12.32,"2008-2014","Non-Firearm"
31,"Female",563,14386329,3.91,"2008-2014","Non-Firearm"
32,"Male",1706,14365015,11.88,"2008-2014","Non-Firearm"
32,"Female",583,14308012,4.08,"2008-2014","Non-Firearm"
33,"Male",1665,14140911,11.77,"2008-2014","Non-Firearm"
33,"Female",589,14115763,4.17,"2008-2014","Non-Firearm"
34,"Male",1687,13953390,12.09,"2008-2014","Non-Firearm"
34,"Female",604,13954633,4.33,"2008-2014","Non-Firearm"
35,"Male",1652,13766489,12,"2008-2014","Non-Firearm"
35,"Female",655,13790316,4.75,"2008-2014","Non-Firearm"
36,"Male",1734,13730920,12.63,"2008-2014","Non-Firearm"
36,"Female",637,13814558,4.61,"2008-2014","Non-Firearm"
37,"Male",1756,13884445,12.65,"2008-2014","Non-Firearm"
37,"Female",662,14014975,4.72,"2008-2014","Non-Firearm"
38,"Male",1700,14114209,12.05,"2008-2014","Non-Firearm"
38,"Female",702,14246003,4.93,"2008-2014","Non-Firearm"
39,"Male",1936,14287995,13.55,"2008-2014","Non-Firearm"
39,"Female",795,14422840,5.51,"2008-2014","Non-Firearm"
40,"Male",1878,14295467,13.14,"2008-2014","Non-Firearm"
40,"Female",779,14456026,5.39,"2008-2014","Non-Firearm"
41,"Male",1921,14403228,13.34,"2008-2014","Non-Firearm"
41,"Female",832,14584654,5.71,"2008-2014","Non-Firearm"
42,"Male",2090,14570203,14.34,"2008-2014","Non-Firearm"
42,"Female",831,14739505,5.64,"2008-2014","Non-Firearm"
43,"Male",1985,14780803,13.43,"2008-2014","Non-Firearm"
43,"Female",926,14962806,6.19,"2008-2014","Non-Firearm"
44,"Male",2065,14834316,13.92,"2008-2014","Non-Firearm"
44,"Female",906,15047743,6.02,"2008-2014","Non-Firearm"
45,"Male",2102,14854368,14.15,"2008-2014","Non-Firearm"
45,"Female",986,15133954,6.52,"2008-2014","Non-Firearm"
46,"Male",2268,15001731,15.12,"2008-2014","Non-Firearm"
46,"Female",988,15314778,6.45,"2008-2014","Non-Firearm"
47,"Male",2194,15251362,14.39,"2008-2014","Non-Firearm"
47,"Female",957,15610147,6.13,"2008-2014","Non-Firearm"
48,"Male",2263,15489883,14.61,"2008-2014","Non-Firearm"
48,"Female",1054,15889191,6.63,"2008-2014","Non-Firearm"
49,"Male",2418,15633885,15.47,"2008-2014","Non-Firearm"
49,"Female",1122,16082612,6.98,"2008-2014","Non-Firearm"
50,"Male",2314,15569557,14.86,"2008-2014","Non-Firearm"
50,"Female",1101,16083812,6.85,"2008-2014","Non-Firearm"
51,"Male",2339,15521618,15.07,"2008-2014","Non-Firearm"
51,"Female",1063,16077137,6.61,"2008-2014","Non-Firearm"
52,"Male",2193,15339427,14.3,"2008-2014","Non-Firearm"
52,"Female",1137,15954345,7.13,"2008-2014","Non-Firearm"
53,"Male",2071,15179481,13.64,"2008-2014","Non-Firearm"
53,"Female",1043,15815820,6.6,"2008-2014","Non-Firearm"
54,"Male",2035,14950865,13.61,"2008-2014","Non-Firearm"
54,"Female",1065,15642467,6.81,"2008-2014","Non-Firearm"
55,"Male",1973,14482734,13.62,"2008-2014","Non-Firearm"
55,"Female",1044,15273294,6.84,"2008-2014","Non-Firearm"
56,"Male",1875,14129436,13.27,"2008-2014","Non-Firearm"
56,"Female",979,14955708,6.55,"2008-2014","Non-Firearm"
57,"Male",1691,13717540,12.33,"2008-2014","Non-Firearm"
57,"Female",891,14591602,6.11,"2008-2014","Non-Firearm"
58,"Male",1615,13322070,12.12,"2008-2014","Non-Firearm"
58,"Female",777,14232572,5.46,"2008-2014","Non-Firearm"
59,"Male",1465,12880705,11.37,"2008-2014","Non-Firearm"
59,"Female",807,13828367,5.84,"2008-2014","Non-Firearm"
60,"Male",1409,12422689,11.34,"2008-2014","Non-Firearm"
60,"Female",720,13409791,5.37,"2008-2014","Non-Firearm"
61,"Male",1145,12234150,9.36,"2008-2014","Non-Firearm"
61,"Female",666,13229866,5.03,"2008-2014","Non-Firearm"
62,"Male",982,11654564,8.43,"2008-2014","Non-Firearm"
62,"Female",519,12659703,4.1,"2008-2014","Non-Firearm"
63,"Male",859,10984765,7.82,"2008-2014","Non-Firearm"
63,"Female",485,11987069,4.05,"2008-2014","Non-Firearm"
64,"Male",777,10477775,7.42,"2008-2014","Non-Firearm"
64,"Female",445,11481410,3.88,"2008-2014","Non-Firearm"
65,"Male",728,10027174,7.26,"2008-2014","Non-Firearm"
65,"Female",425,11065275,3.84,"2008-2014","Non-Firearm"
66,"Male",636,9443198,6.74,"2008-2014","Non-Firearm"
66,"Female",387,10486432,3.69,"2008-2014","Non-Firearm"
67,"Male",575,8755921,6.57,"2008-2014","Non-Firearm"
67,"Female",361,9804509,3.68,"2008-2014","Non-Firearm"
68,"Male",508,7986396,6.36,"2008-2014","Non-Firearm"
68,"Female",317,9040243,3.51,"2008-2014","Non-Firearm"
69,"Male",421,7587876,5.55,"2008-2014","Non-Firearm"
69,"Female",249,8672914,2.87,"2008-2014","Non-Firearm"
70,"Male",399,7147991,5.58,"2008-2014","Non-Firearm"
70,"Female",239,8257595,2.89,"2008-2014","Non-Firearm"
71,"Male",401,6733978,5.96,"2008-2014","Non-Firearm"
71,"Female",211,7858096,2.69,"2008-2014","Non-Firearm"
72,"Male",339,6212397,5.46,"2008-2014","Non-Firearm"
72,"Female",202,7348359,2.75,"2008-2014","Non-Firearm"
73,"Male",338,5855163,5.77,"2008-2014","Non-Firearm"
73,"Female",200,7022125,2.85,"2008-2014","Non-Firearm"
74,"Male",304,5494926,5.53,"2008-2014","Non-Firearm"
74,"Female",157,6681922,2.35,"2008-2014","Non-Firearm"
75,"Male",288,5136072,5.61,"2008-2014","Non-Firearm"
75,"Female",166,6352262,2.61,"2008-2014","Non-Firearm"
76,"Male",269,4854183,5.54,"2008-2014","Non-Firearm"
76,"Female",142,6116936,2.32,"2008-2014","Non-Firearm"
77,"Male",247,4562740,5.41,"2008-2014","Non-Firearm"
77,"Female",148,5872145,2.52,"2008-2014","Non-Firearm"
78,"Male",231,4321472,5.35,"2008-2014","Non-Firearm"
78,"Female",130,5686677,2.29,"2008-2014","Non-Firearm"
79,"Male",232,4058516,5.72,"2008-2014","Non-Firearm"
79,"Female",142,5479853,2.59,"2008-2014","Non-Firearm"
80,"Male",244,3766953,6.48,"2008-2014","Non-Firearm"
80,"Female",115,5224413,2.2,"2008-2014","Non-Firearm"
81,"Male",213,3537625,6.02,"2008-2014","Non-Firearm"
81,"Female",120,5059927,2.37,"2008-2014","Non-Firearm"
82,"Male",244,3259498,7.49,"2008-2014","Non-Firearm"
82,"Female",122,4830467,2.53,"2008-2014","Non-Firearm"
83,"Male",201,2990102,6.72,"2008-2014","Non-Firearm"
83,"Female",104,4595069,2.26,"2008-2014","Non-Firearm"
84,"Male",178,2695602,6.6,"2008-2014","Non-Firearm"
84,"Female",106,4317681,2.46,"2008-2014","Non-Firearm"
12,"Male",153,17142380,0.89,"2015-2022","Firearm"
12,"Female",45,16396568,0.27,"2015-2022","Firearm"
13,"Male",329,17220886,1.91,"2015-2022","Firearm"
13,"Female",91,16475942,0.55,"2015-2022","Firearm"
14,"Male",627,17288121,3.63,"2015-2022","Firearm"
14,"Female",136,16545705,0.82,"2015-2022","Firearm"
15,"Male",914,17300749,5.28,"2015-2022","Firearm"
15,"Female",163,16554179,0.99,"2015-2022","Firearm"
16,"Male",1164,17299669,6.73,"2015-2022","Firearm"
16,"Female",194,16545661,1.17,"2015-2022","Firearm"
17,"Male",1401,17352098,8.07,"2015-2022","Firearm"
17,"Female",207,16577395,1.25,"2015-2022","Firearm"
18,"Male",1724,17507192,9.85,"2015-2022","Firearm"
18,"Female",228,16740789,1.36,"2015-2022","Firearm"
19,"Male",2107,17754611,11.87,"2015-2022","Firearm"
19,"Female",233,16987029,1.37,"2015-2022","Firearm"
20,"Male",2137,17997999,11.87,"2015-2022","Firearm"
20,"Female",247,17211838,1.44,"2015-2022","Firearm"
21,"Male",2981,18177217,16.4,"2015-2022","Firearm"
21,"Female",324,17331350,1.87,"2015-2022","Firearm"
22,"Male",2953,18211942,16.22,"2015-2022","Firearm"
22,"Female",366,17301582,2.12,"2015-2022","Firearm"
23,"Male",2950,18290306,16.13,"2015-2022","Firearm"
23,"Female",366,17349991,2.11,"2015-2022","Firearm"
24,"Male",2890,18459721,15.66,"2015-2022","Firearm"
24,"Female",358,17534498,2.04,"2015-2022","Firearm"
25,"Male",2771,18634391,14.87,"2015-2022","Firearm"
25,"Female",438,17757330,2.47,"2015-2022","Firearm"
26,"Male",2729,18732071,14.57,"2015-2022","Firearm"
26,"Female",359,17911451,2,"2015-2022","Firearm"
27,"Male",2677,18761111,14.27,"2015-2022","Firearm"
27,"Female",396,18018648,2.2,"2015-2022","Firearm"
28,"Male",2493,18703915,13.33,"2015-2022","Firearm"
28,"Female",381,18038812,2.11,"2015-2022","Firearm"
29,"Male",2490,18607804,13.38,"2015-2022","Firearm"
29,"Female",446,18004482,2.48,"2015-2022","Firearm"
30,"Male",2513,18502407,13.58,"2015-2022","Firearm"
30,"Female",413,17963832,2.3,"2015-2022","Firearm"
31,"Male",2373,18302397,12.97,"2015-2022","Firearm"
31,"Female",426,17825531,2.39,"2015-2022","Firearm"
32,"Male",2441,18116850,13.47,"2015-2022","Firearm"
32,"Female",423,17693294,2.39,"2015-2022","Firearm"
33,"Male",2337,17934346,13.03,"2015-2022","Firearm"
33,"Female",423,17563227,2.41,"2015-2022","Firearm"
34,"Male",2263,17788701,12.72,"2015-2022","Firearm"
34,"Female",370,17473545,2.12,"2015-2022","Firearm"
35,"Male",2220,17719637,12.53,"2015-2022","Firearm"
35,"Female",407,17431670,2.34,"2015-2022","Firearm"
36,"Male",2221,17552541,12.65,"2015-2022","Firearm"
36,"Female",458,17308724,2.65,"2015-2022","Firearm"
37,"Male",2265,17342916,13.06,"2015-2022","Firearm"
37,"Female",426,17142894,2.49,"2015-2022","Firearm"
38,"Male",2221,17113786,12.98,"2015-2022","Firearm"
38,"Female",412,16958988,2.43,"2015-2022","Firearm"
39,"Male",2230,16874226,13.22,"2015-2022","Firearm"
39,"Female",419,16750622,2.5,"2015-2022","Firearm"
40,"Male",2144,16605732,12.91,"2015-2022","Firearm"
40,"Female",437,16524119,2.65,"2015-2022","Firearm"
41,"Male",2153,16321971,13.19,"2015-2022","Firearm"
41,"Female",425,16289011,2.61,"2015-2022","Firearm"
42,"Male",2081,16089100,12.93,"2015-2022","Firearm"
42,"Female",435,16112079,2.7,"2015-2022","Firearm"
43,"Male",2165,15954063,13.57,"2015-2022","Firearm"
43,"Female",437,16021878,2.73,"2015-2022","Firearm"
44,"Male",2193,16019541,13.69,"2015-2022","Firearm"
44,"Female",427,16124162,2.65,"2015-2022","Firearm"
45,"Male",2243,16125584,13.91,"2015-2022","Firearm"
45,"Female",465,16255916,2.86,"2015-2022","Firearm"
46,"Male",2282,16173236,14.11,"2015-2022","Firearm"
46,"Female",484,16314685,2.97,"2015-2022","Firearm"
47,"Male",2281,16244284,14.04,"2015-2022","Firearm"
47,"Female",505,16394212,3.08,"2015-2022","Firearm"
48,"Male",2397,16297892,14.71,"2015-2022","Firearm"
48,"Female",478,16464696,2.9,"2015-2022","Firearm"
49,"Male",2323,16443022,14.13,"2015-2022","Firearm"
49,"Female",552,16606551,3.32,"2015-2022","Firearm"
50,"Male",2516,16613222,15.15,"2015-2022","Firearm"
50,"Female",516,16795617,3.07,"2015-2022","Firearm"
51,"Male",2558,16746214,15.28,"2015-2022","Firearm"
51,"Female",563,16976986,3.32,"2015-2022","Firearm"
52,"Male",2623,16741525,15.67,"2015-2022","Firearm"
52,"Female",555,17046542,3.26,"2015-2022","Firearm"
53,"Male",2716,16763846,16.2,"2015-2022","Firearm"
53,"Female",604,17152303,3.52,"2015-2022","Firearm"
54,"Male",2795,16878202,16.56,"2015-2022","Firearm"
54,"Female",612,17360641,3.53,"2015-2022","Firearm"
55,"Male",2864,17009706,16.84,"2015-2022","Firearm"
55,"Female",543,17586635,3.09,"2015-2022","Firearm"
56,"Male",2834,17074162,16.6,"2015-2022","Firearm"
56,"Female",575,17733809,3.24,"2015-2022","Firearm"
57,"Male",3052,17095141,17.85,"2015-2022","Firearm"
57,"Female",557,17843937,3.12,"2015-2022","Firearm"
58,"Male",2950,17027936,17.32,"2015-2022","Firearm"
58,"Female",596,17857754,3.34,"2015-2022","Firearm"
59,"Male",2996,16801970,17.83,"2015-2022","Firearm"
59,"Female",540,17711708,3.05,"2015-2022","Firearm"
60,"Male",2852,16497452,17.29,"2015-2022","Firearm"
60,"Female",491,17492742,2.81,"2015-2022","Firearm"
61,"Male",2923,16130841,18.12,"2015-2022","Firearm"
61,"Female",506,17222845,2.94,"2015-2022","Firearm"
62,"Male",2606,15694325,16.61,"2015-2022","Firearm"
62,"Female",423,16874683,2.51,"2015-2022","Firearm"
63,"Male",2563,15212613,16.85,"2015-2022","Firearm"
63,"Female",425,16475474,2.58,"2015-2022","Firearm"
64,"Male",2468,14697690,16.79,"2015-2022","Firearm"
64,"Female",445,16044774,2.77,"2015-2022","Firearm"
65,"Male",2401,14140668,16.98,"2015-2022","Firearm"
65,"Female",358,15559147,2.3,"2015-2022","Firearm"
66,"Male",2277,13595233,16.75,"2015-2022","Firearm"
66,"Female",346,15068284,2.3,"2015-2022","Firearm"
67,"Male",2331,13128543,17.76,"2015-2022","Firearm"
67,"Female",320,14641057,2.19,"2015-2022","Firearm"
68,"Male",2309,12780195,18.07,"2015-2022","Firearm"
68,"Female",335,14333920,2.34,"2015-2022","Firearm"
69,"Male",2297,12036494,19.08,"2015-2022","Firearm"
69,"Female",307,13591800,2.26,"2015-2022","Firearm"
70,"Male",2248,11319183,19.86,"2015-2022","Firearm"
70,"Female",258,12881422,2,"2015-2022","Firearm"
71,"Male",2103,10650322,19.75,"2015-2022","Firearm"
71,"Female",252,12223224,2.06,"2015-2022","Firearm"
72,"Male",2063,10078957,20.47,"2015-2022","Firearm"
72,"Female",240,11659399,2.06,"2015-2022","Firearm"
73,"Male",2174,9457523,22.99,"2015-2022","Firearm"
73,"Female",235,11015831,2.13,"2015-2022","Firearm"
74,"Male",2067,8733281,23.67,"2015-2022","Firearm"
74,"Female",219,10292166,2.13,"2015-2022","Firearm"
75,"Male",2145,7972386,26.91,"2015-2022","Firearm"
75,"Female",183,9526894,1.92,"2015-2022","Firearm"
76,"Male",1912,7108177,26.9,"2015-2022","Firearm"
76,"Female",182,8646414,2.11,"2015-2022","Firearm"
77,"Male",1860,6617943,28.11,"2015-2022","Firearm"
77,"Female",167,8170518,2.04,"2015-2022","Firearm"
78,"Male",1819,6106800,29.79,"2015-2022","Firearm"
78,"Female",138,7665736,1.8,"2015-2022","Firearm"
79,"Male",1747,5592922,31.24,"2015-2022","Firearm"
79,"Female",121,7151472,1.69,"2015-2022","Firearm"
80,"Male",1622,5037857,32.2,"2015-2022","Firearm"
80,"Female",110,6588940,1.67,"2015-2022","Firearm"
81,"Male",1485,4555978,32.6,"2015-2022","Firearm"
81,"Female",95,6104635,1.56,"2015-2022","Firearm"
82,"Male",1424,4132721,34.46,"2015-2022","Firearm"
82,"Female",78,5685681,1.37,"2015-2022","Firearm"
83,"Male",1345,3740757,35.96,"2015-2022","Firearm"
83,"Female",83,5295634,1.57,"2015-2022","Firearm"
84,"Male",1244,3365918,36.96,"2015-2022","Firearm"
84,"Female",60,4921087,1.22,"2015-2022","Firearm"
12,"Male",231,17142380,1.35,"2015-2022","Non-Firearm"
12,"Female",257,16396568,1.57,"2015-2022","Non-Firearm"
13,"Male",387,17220886,2.25,"2015-2022","Non-Firearm"
13,"Female",397,16475942,2.41,"2015-2022","Non-Firearm"
14,"Male",594,17288121,3.44,"2015-2022","Non-Firearm"
14,"Female",476,16545705,2.88,"2015-2022","Non-Firearm"
15,"Male",826,17300749,4.77,"2015-2022","Non-Firearm"
15,"Female",583,16554179,3.52,"2015-2022","Non-Firearm"
16,"Male",1029,17299669,5.95,"2015-2022","Non-Firearm"
16,"Female",671,16545661,4.06,"2015-2022","Non-Firearm"
17,"Male",1201,17352098,6.92,"2015-2022","Non-Firearm"
17,"Female",628,16577395,3.79,"2015-2022","Non-Firearm"
18,"Male",1519,17507192,8.68,"2015-2022","Non-Firearm"
18,"Female",657,16740789,3.93,"2015-2022","Non-Firearm"
19,"Male",1868,17754611,10.52,"2015-2022","Non-Firearm"
19,"Female",689,16987029,4.06,"2015-2022","Non-Firearm"
20,"Male",2023,17997999,11.24,"2015-2022","Non-Firearm"
20,"Female",704,17211838,4.09,"2015-2022","Non-Firearm"
21,"Male",2136,18177217,11.75,"2015-2022","Non-Firearm"
21,"Female",757,17331350,4.37,"2015-2022","Non-Firearm"
22,"Male",2226,18211942,12.22,"2015-2022","Non-Firearm"
22,"Female",757,17301582,4.38,"2015-2022","Non-Firearm"
23,"Male",2242,18290306,12.26,"2015-2022","Non-Firearm"
23,"Female",750,17349991,4.32,"2015-2022","Non-Firearm"
24,"Male",2340,18459721,12.68,"2015-2022","Non-Firearm"
24,"Female",748,17534498,4.27,"2015-2022","Non-Firearm"
25,"Male",2484,18634391,13.33,"2015-2022","Non-Firearm"
25,"Female",766,17757330,4.31,"2015-2022","Non-Firearm"
26,"Male",2513,18732071,13.42,"2015-2022","Non-Firearm"
26,"Female",807,17911451,4.51,"2015-2022","Non-Firearm"
27,"Male",2584,18761111,13.77,"2015-2022","Non-Firearm"
27,"Female",749,18018648,4.16,"2015-2022","Non-Firearm"
28,"Male",2633,18703915,14.08,"2015-2022","Non-Firearm"
28,"Female",897,18038812,4.97,"2015-2022","Non-Firearm"
29,"Male",2684,18607804,14.42,"2015-2022","Non-Firearm"
29,"Female",845,18004482,4.69,"2015-2022","Non-Firearm"
30,"Male",2715,18502407,14.67,"2015-2022","Non-Firearm"
30,"Female",872,17963832,4.85,"2015-2022","Non-Firearm"
31,"Male",2828,18302397,15.45,"2015-2022","Non-Firearm"
31,"Female",936,17825531,5.25,"2015-2022","Non-Firearm"
32,"Male",2703,18116850,14.92,"2015-2022","Non-Firearm"
32,"Female",952,17693294,5.38,"2015-2022","Non-Firearm"
33,"Male",2762,17934346,15.4,"2015-2022","Non-Firearm"
33,"Female",885,17563227,5.04,"2015-2022","Non-Firearm"
34,"Male",2661,17788701,14.96,"2015-2022","Non-Firearm"
34,"Female",881,17473545,5.04,"2015-2022","Non-Firearm"
35,"Male",2690,17719637,15.18,"2015-2022","Non-Firearm"
35,"Female",892,17431670,5.12,"2015-2022","Non-Firearm"
36,"Male",2672,17552541,15.22,"2015-2022","Non-Firearm"
36,"Female",938,17308724,5.42,"2015-2022","Non-Firearm"
37,"Male",2472,17342916,14.25,"2015-2022","Non-Firearm"
37,"Female",992,17142894,5.79,"2015-2022","Non-Firearm"
38,"Male",2459,17113786,14.37,"2015-2022","Non-Firearm"
38,"Female",920,16958988,5.43,"2015-2022","Non-Firearm"
39,"Male",2482,16874226,14.71,"2015-2022","Non-Firearm"
39,"Female",895,16750622,5.34,"2015-2022","Non-Firearm"
40,"Male",2409,16605732,14.51,"2015-2022","Non-Firearm"
40,"Female",939,16524119,5.68,"2015-2022","Non-Firearm"
41,"Male",2348,16321971,14.39,"2015-2022","Non-Firearm"
41,"Female",891,16289011,5.47,"2015-2022","Non-Firearm"
42,"Male",2263,16089100,14.07,"2015-2022","Non-Firearm"
42,"Female",902,16112079,5.6,"2015-2022","Non-Firearm"
43,"Male",2202,15954063,13.8,"2015-2022","Non-Firearm"
43,"Female",944,16021878,5.89,"2015-2022","Non-Firearm"
44,"Male",2239,16019541,13.98,"2015-2022","Non-Firearm"
44,"Female",983,16124162,6.1,"2015-2022","Non-Firearm"
45,"Male",2267,16125584,14.06,"2015-2022","Non-Firearm"
45,"Female",973,16255916,5.99,"2015-2022","Non-Firearm"
46,"Male",2334,16173236,14.43,"2015-2022","Non-Firearm"
46,"Female",1069,16314685,6.55,"2015-2022","Non-Firearm"
47,"Male",2350,16244284,14.47,"2015-2022","Non-Firearm"
47,"Female",1022,16394212,6.23,"2015-2022","Non-Firearm"
48,"Male",2324,16297892,14.26,"2015-2022","Non-Firearm"
48,"Female",1122,16464696,6.82,"2015-2022","Non-Firearm"
49,"Male",2398,16443022,14.58,"2015-2022","Non-Firearm"
49,"Female",1082,16606551,6.52,"2015-2022","Non-Firearm"
50,"Male",2240,16613222,13.48,"2015-2022","Non-Firearm"
50,"Female",1073,16795617,6.39,"2015-2022","Non-Firearm"
51,"Male",2322,16746214,13.87,"2015-2022","Non-Firearm"
51,"Female",1124,16976986,6.62,"2015-2022","Non-Firearm"
52,"Male",2420,16741525,14.46,"2015-2022","Non-Firearm"
52,"Female",1237,17046542,7.26,"2015-2022","Non-Firearm"
53,"Male",2362,16763846,14.09,"2015-2022","Non-Firearm"
53,"Female",1182,17152303,6.89,"2015-2022","Non-Firearm"
54,"Male",2370,16878202,14.04,"2015-2022","Non-Firearm"
54,"Female",1198,17360641,6.9,"2015-2022","Non-Firearm"
55,"Male",2256,17009706,13.26,"2015-2022","Non-Firearm"
55,"Female",1178,17586635,6.7,"2015-2022","Non-Firearm"
56,"Male",2323,17074162,13.61,"2015-2022","Non-Firearm"
56,"Female",1191,17733809,6.72,"2015-2022","Non-Firearm"
57,"Male",2325,17095141,13.6,"2015-2022","Non-Firearm"
57,"Female",1124,17843937,6.3,"2015-2022","Non-Firearm"
58,"Male",2180,17027936,12.8,"2015-2022","Non-Firearm"
58,"Female",1150,17857754,6.44,"2015-2022","Non-Firearm"
59,"Male",2045,16801970,12.17,"2015-2022","Non-Firearm"
59,"Female",1005,17711708,5.67,"2015-2022","Non-Firearm"
60,"Male",1952,16497452,11.83,"2015-2022","Non-Firearm"
60,"Female",1006,17492742,5.75,"2015-2022","Non-Firearm"
61,"Male",1816,16130841,11.26,"2015-2022","Non-Firearm"
61,"Female",927,17222845,5.38,"2015-2022","Non-Firearm"
62,"Male",1718,15694325,10.95,"2015-2022","Non-Firearm"
62,"Female",844,16874683,5,"2015-2022","Non-Firearm"
63,"Male",1373,15212613,9.03,"2015-2022","Non-Firearm"
63,"Female",811,16475474,4.92,"2015-2022","Non-Firearm"
64,"Male",1351,14697690,9.19,"2015-2022","Non-Firearm"
64,"Female",765,16044774,4.77,"2015-2022","Non-Firearm"
65,"Male",1223,14140668,8.65,"2015-2022","Non-Firearm"
65,"Female",677,15559147,4.35,"2015-2022","Non-Firearm"
66,"Male",1117,13595233,8.22,"2015-2022","Non-Firearm"
66,"Female",609,15068284,4.04,"2015-2022","Non-Firearm"
67,"Male",1018,13128543,7.75,"2015-2022","Non-Firearm"
67,"Female",606,14641057,4.14,"2015-2022","Non-Firearm"
68,"Male",928,12780195,7.26,"2015-2022","Non-Firearm"
68,"Female",563,14333920,3.93,"2015-2022","Non-Firearm"
69,"Male",828,12036494,6.88,"2015-2022","Non-Firearm"
69,"Female",533,13591800,3.92,"2015-2022","Non-Firearm"
70,"Male",754,11319183,6.66,"2015-2022","Non-Firearm"
70,"Female",481,12881422,3.73,"2015-2022","Non-Firearm"
71,"Male",658,10650322,6.18,"2015-2022","Non-Firearm"
71,"Female",430,12223224,3.52,"2015-2022","Non-Firearm"
72,"Male",655,10078957,6.5,"2015-2022","Non-Firearm"
72,"Female",371,11659399,3.18,"2015-2022","Non-Firearm"
73,"Male",573,9457523,6.06,"2015-2022","Non-Firearm"
73,"Female",340,11015831,3.09,"2015-2022","Non-Firearm"
74,"Male",497,8733281,5.69,"2015-2022","Non-Firearm"
74,"Female",320,10292166,3.11,"2015-2022","Non-Firearm"
75,"Male",495,7972386,6.21,"2015-2022","Non-Firearm"
75,"Female",293,9526894,3.08,"2015-2022","Non-Firearm"
76,"Male",446,7108177,6.27,"2015-2022","Non-Firearm"
76,"Female",263,8646414,3.04,"2015-2022","Non-Firearm"
77,"Male",449,6617943,6.79,"2015-2022","Non-Firearm"
77,"Female",233,8170518,2.85,"2015-2022","Non-Firearm"
78,"Male",395,6106800,6.47,"2015-2022","Non-Firearm"
78,"Female",216,7665736,2.82,"2015-2022","Non-Firearm"
79,"Male",364,5592922,6.51,"2015-2022","Non-Firearm"
79,"Female",213,7151472,2.98,"2015-2022","Non-Firearm"
80,"Male",312,5037857,6.19,"2015-2022","Non-Firearm"
80,"Female",161,6588940,2.44,"2015-2022","Non-Firearm"
81,"Male",299,4555978,6.56,"2015-2022","Non-Firearm"
81,"Female",170,6104635,2.79,"2015-2022","Non-Firearm"
82,"Male",300,4132721,7.26,"2015-2022","Non-Firearm"
82,"Female",132,5685681,2.32,"2015-2022","Non-Firearm"
83,"Male",260,3740757,6.95,"2015-2022","Non-Firearm"
83,"Female",122,5295634,2.3,"2015-2022","Non-Firearm"
84,"Male",256,3365918,7.61,"2015-2022","Non-Firearm"
84,"Female",136,4921087,2.76,"2015-2022","Non-Firearm"
12,"Female",NA,14552397,NA,"2001-2007","Total"
12,"Male",196,15278366,1.29,"2001-2007","Total"
13,"Female",141,14562264,0.97,"2001-2007","Total"
13,"Male",346,15292379,2.26,"2001-2007","Total"
14,"Female",241,14499825,1.66,"2001-2007","Total"
14,"Male",540,15243369,3.55,"2001-2007","Total"
15,"Female",344,14535499,2.37,"2001-2007","Total"
15,"Male",864,15311749,5.65,"2001-2007","Total"
16,"Female",388,14505660,2.67,"2001-2007","Total"
16,"Male",1293,15345857,8.42,"2001-2007","Total"
17,"Female",391,14338504,2.73,"2001-2007","Total"
17,"Male",1712,15258639,11.22,"2001-2007","Total"
18,"Female",396,14297744,2.77,"2001-2007","Total"
18,"Male",2281,15225999,14.98,"2001-2007","Total"
19,"Female",463,14306181,3.24,"2001-2007","Total"
19,"Male",2828,15202278,18.61,"2001-2007","Total"
20,"Female",445,14248504,3.12,"2001-2007","Total"
20,"Male",2802,15087514,18.57,"2001-2007","Total"
21,"Female",533,14284549,3.73,"2001-2007","Total"
21,"Male",3218,15046137,21.39,"2001-2007","Total"
22,"Female",498,14141719,3.53,"2001-2007","Total"
22,"Male",3140,14825512,21.18,"2001-2007","Total"
23,"Female",512,14011043,3.65,"2001-2007","Total"
23,"Male",3101,14579129,21.27,"2001-2007","Total"
24,"Female",531,13923790,3.82,"2001-2007","Total"
24,"Male",3086,14365171,21.48,"2001-2007","Total"
25,"Female",587,13832897,4.24,"2001-2007","Total"
25,"Male",2949,14136309,20.87,"2001-2007","Total"
26,"Female",533,13621847,3.91,"2001-2007","Total"
26,"Male",2869,13802069,20.78,"2001-2007","Total"
27,"Female",578,13460164,4.29,"2001-2007","Total"
27,"Male",2802,13589471,20.62,"2001-2007","Total"
28,"Female",623,13219942,4.71,"2001-2007","Total"
28,"Male",2767,13399979,20.65,"2001-2007","Total"
29,"Female",603,13159116,4.59,"2001-2007","Total"
29,"Male",2799,13354867,20.96,"2001-2007","Total"
30,"Female",654,13540954,4.83,"2001-2007","Total"
30,"Male",2842,13763080,20.65,"2001-2007","Total"
31,"Female",657,13699986,4.79,"2001-2007","Total"
31,"Male",2945,13832867,21.29,"2001-2007","Total"
32,"Female",735,14049007,5.23,"2001-2007","Total"
32,"Male",2878,14153704,20.33,"2001-2007","Total"
33,"Female",730,14156369,5.16,"2001-2007","Total"
33,"Male",3025,14225028,21.26,"2001-2007","Total"
34,"Female",776,14329222,5.42,"2001-2007","Total"
34,"Male",3156,14372008,21.96,"2001-2007","Total"
35,"Female",811,14547532,5.58,"2001-2007","Total"
35,"Male",3217,14596865,22.04,"2001-2007","Total"
36,"Female",869,14775564,5.88,"2001-2007","Total"
36,"Male",3098,14764600,20.98,"2001-2007","Total"
37,"Female",891,14906835,5.98,"2001-2007","Total"
37,"Male",3373,14846225,22.72,"2001-2007","Total"
38,"Female",908,15040463,6.04,"2001-2007","Total"
38,"Male",3473,14917932,23.28,"2001-2007","Total"
39,"Female",1095,15291828,7.16,"2001-2007","Total"
39,"Male",3518,15141736,23.24,"2001-2007","Total"
40,"Female",1091,15584153,7,"2001-2007","Total"
40,"Male",3727,15370961,24.25,"2001-2007","Total"
41,"Female",1193,15932239,7.49,"2001-2007","Total"
41,"Male",3800,15720628,24.17,"2001-2007","Total"
42,"Female",1166,16097378,7.24,"2001-2007","Total"
42,"Male",3873,15852660,24.44,"2001-2007","Total"
43,"Female",1254,16156753,7.77,"2001-2007","Total"
43,"Male",3879,15856716,24.46,"2001-2007","Total"
44,"Female",1341,16066420,8.34,"2001-2007","Total"
44,"Male",4012,15724774,25.51,"2001-2007","Total"
45,"Female",1299,15945105,8.15,"2001-2007","Total"
45,"Male",3875,15564779,24.89,"2001-2007","Total"
46,"Female",1272,15870720,8.01,"2001-2007","Total"
46,"Male",3885,15501380,25.06,"2001-2007","Total"
47,"Female",1312,15681235,8.37,"2001-2007","Total"
47,"Male",3975,15279018,26.02,"2001-2007","Total"
48,"Female",1272,15337964,8.3,"2001-2007","Total"
48,"Male",3822,14862623,25.72,"2001-2007","Total"
49,"Female",1262,15063489,8.38,"2001-2007","Total"
49,"Male",3695,14565284,25.37,"2001-2007","Total"
50,"Female",1179,14673162,8.03,"2001-2007","Total"
50,"Male",3554,14110555,25.19,"2001-2007","Total"
51,"Female",1171,14400601,8.13,"2001-2007","Total"
51,"Male",3413,13843473,24.65,"2001-2007","Total"
52,"Female",1086,14042246,7.74,"2001-2007","Total"
52,"Male",3394,13444026,25.24,"2001-2007","Total"
53,"Female",1043,13729376,7.59,"2001-2007","Total"
53,"Male",3193,13111244,24.36,"2001-2007","Total"
54,"Female",1002,13585978,7.38,"2001-2007","Total"
54,"Male",3128,12938029,24.17,"2001-2007","Total"
55,"Female",954,12934953,7.38,"2001-2007","Total"
55,"Male",2859,12246837,23.35,"2001-2007","Total"
56,"Female",807,12450680,6.48,"2001-2007","Total"
56,"Male",2732,11779893,23.19,"2001-2007","Total"
57,"Female",823,11918351,6.91,"2001-2007","Total"
57,"Male",2536,11234878,22.58,"2001-2007","Total"
58,"Female",756,11477511,6.59,"2001-2007","Total"
58,"Male",2542,10763052,23.62,"2001-2007","Total"
59,"Female",710,10910131,6.51,"2001-2007","Total"
59,"Male",2346,10172225,23.07,"2001-2007","Total"
60,"Female",667,10226922,6.53,"2001-2007","Total"
60,"Male",2153,9462705,22.76,"2001-2007","Total"
61,"Female",547,9569147,5.71,"2001-2007","Total"
61,"Male",1947,8806249,22.11,"2001-2007","Total"
62,"Female",482,9246866,5.21,"2001-2007","Total"
62,"Male",1715,8450687,20.3,"2001-2007","Total"
63,"Female",481,8917884,5.4,"2001-2007","Total"
63,"Male",1611,8095054,19.9,"2001-2007","Total"
64,"Female",410,8499124,4.82,"2001-2007","Total"
64,"Male",1573,7659669,20.54,"2001-2007","Total"
65,"Female",363,8080646,4.5,"2001-2007","Total"
65,"Male",1453,7204022,20.17,"2001-2007","Total"
66,"Female",329,7797203,4.22,"2001-2007","Total"
66,"Male",1428,6894442,20.71,"2001-2007","Total"
67,"Female",335,7535374,4.45,"2001-2007","Total"
67,"Male",1403,6602519,21.25,"2001-2007","Total"
68,"Female",279,7301002,3.83,"2001-2007","Total"
68,"Male",1362,6317351,21.56,"2001-2007","Total"
69,"Female",255,7111866,3.59,"2001-2007","Total"
69,"Male",1386,6062453,22.86,"2001-2007","Total"
70,"Female",278,6911982,4.02,"2001-2007","Total"
70,"Male",1310,5803848,22.57,"2001-2007","Total"
71,"Female",279,6852190,4.07,"2001-2007","Total"
71,"Male",1311,5676321,23.09,"2001-2007","Total"
72,"Female",251,6707662,3.74,"2001-2007","Total"
72,"Male",1354,5456566,24.81,"2001-2007","Total"
73,"Female",238,6580626,3.61,"2001-2007","Total"
73,"Male",1423,5260054,27.06,"2001-2007","Total"
74,"Female",215,6484787,3.31,"2001-2007","Total"
74,"Male",1429,5083554,28.11,"2001-2007","Total"
75,"Female",253,6338201,3.99,"2001-2007","Total"
75,"Male",1492,4848306,30.78,"2001-2007","Total"
76,"Female",284,6259416,4.54,"2001-2007","Total"
76,"Male",1443,4676088,30.86,"2001-2007","Total"
77,"Female",223,6091460,3.67,"2001-2007","Total"
77,"Male",1424,4422049,32.2,"2001-2007","Total"
78,"Female",231,5874683,3.93,"2001-2007","Total"
78,"Male",1396,4146023,33.67,"2001-2007","Total"
79,"Female",214,5663996,3.78,"2001-2007","Total"
79,"Male",1335,3875813,34.45,"2001-2007","Total"
80,"Female",210,5383986,3.9,"2001-2007","Total"
80,"Male",1301,3563912,36.51,"2001-2007","Total"
81,"Female",202,5124415,3.95,"2001-2007","Total"
81,"Male",1253,3271535,38.3,"2001-2007","Total"
82,"Female",205,4763663,4.31,"2001-2007","Total"
82,"Male",1240,2927301,42.36,"2001-2007","Total"
83,"Female",196,4397390,4.46,"2001-2007","Total"
83,"Male",1060,2611090,40.6,"2001-2007","Total"
84,"Female",135,3989591,3.39,"2001-2007","Total"
84,"Male",983,2273367,43.24,"2001-2007","Total"
12,"Female",NA,14149656,NA,"2008-2014","Total"
12,"Male",223,14787575,1.51,"2008-2014","Total"
13,"Female",224,14235929,1.58,"2008-2014","Total"
13,"Male",402,14896737,2.7,"2008-2014","Total"
14,"Female",319,14254903,2.23,"2008-2014","Total"
14,"Male",666,14943371,4.46,"2008-2014","Total"
15,"Female",476,14361488,3.32,"2008-2014","Total"
15,"Male",1004,15075757,6.66,"2008-2014","Total"
16,"Female",538,14546262,3.7,"2008-2014","Total"
16,"Male",1409,15294888,9.21,"2008-2014","Total"
17,"Female",493,14726424,3.35,"2008-2014","Total"
17,"Male",1842,15537658,11.86,"2008-2014","Total"
18,"Female",518,15040706,3.44,"2008-2014","Total"
18,"Male",2394,15860442,15.1,"2008-2014","Total"
19,"Female",583,15238395,3.83,"2008-2014","Total"
19,"Male",2844,16042825,17.73,"2008-2014","Total"
20,"Female",647,15221609,4.25,"2008-2014","Total"
20,"Male",3069,16001818,19.18,"2008-2014","Total"
21,"Female",700,15227582,4.6,"2008-2014","Total"
21,"Male",3447,15973123,21.58,"2008-2014","Total"
22,"Female",748,15157077,4.93,"2008-2014","Total"
22,"Male",3681,15870035,23.2,"2008-2014","Total"
23,"Female",694,15063451,4.61,"2008-2014","Total"
23,"Male",3626,15715670,23.07,"2008-2014","Total"
24,"Female",728,14905241,4.88,"2008-2014","Total"
24,"Male",3490,15497015,22.52,"2008-2014","Total"
25,"Female",737,14808484,4.98,"2008-2014","Total"
25,"Male",3478,15323880,22.7,"2008-2014","Total"
26,"Female",767,14736178,5.21,"2008-2014","Total"
26,"Male",3562,15131651,23.54,"2008-2014","Total"
27,"Female",811,14840739,5.46,"2008-2014","Total"
27,"Male",3353,15095415,22.22,"2008-2014","Total"
28,"Female",831,14826649,5.6,"2008-2014","Total"
28,"Male",3444,15027557,22.92,"2008-2014","Total"
29,"Female",851,14677331,5.8,"2008-2014","Total"
29,"Male",3405,14845608,22.93,"2008-2014","Total"
30,"Female",851,14613733,5.82,"2008-2014","Total"
30,"Male",3258,14802910,22.01,"2008-2014","Total"
31,"Female",856,14386329,5.95,"2008-2014","Total"
31,"Male",3329,14478076,22.99,"2008-2014","Total"
32,"Female",838,14308012,5.86,"2008-2014","Total"
32,"Male",3161,14365015,22.01,"2008-2014","Total"
33,"Female",844,14115763,5.98,"2008-2014","Total"
33,"Male",3178,14140911,22.47,"2008-2014","Total"
34,"Female",862,13954633,6.18,"2008-2014","Total"
34,"Male",3177,13953390,22.77,"2008-2014","Total"
35,"Female",923,13790316,6.69,"2008-2014","Total"
35,"Male",3159,13766489,22.95,"2008-2014","Total"
36,"Female",925,13814558,6.7,"2008-2014","Total"
36,"Male",3212,13730920,23.39,"2008-2014","Total"
37,"Female",934,14014975,6.66,"2008-2014","Total"
37,"Male",3405,13884445,24.53,"2008-2014","Total"
38,"Female",1009,14246003,7.09,"2008-2014","Total"
38,"Male",3374,14114209,23.91,"2008-2014","Total"
39,"Female",1089,14422840,7.55,"2008-2014","Total"
39,"Male",3589,14287995,25.12,"2008-2014","Total"
40,"Female",1132,14456026,7.83,"2008-2014","Total"
40,"Male",3503,14295467,24.51,"2008-2014","Total"
41,"Female",1214,14584654,8.33,"2008-2014","Total"
41,"Male",3682,14403228,25.57,"2008-2014","Total"
42,"Female",1158,14739505,7.86,"2008-2014","Total"
42,"Male",3865,14570203,26.52,"2008-2014","Total"
43,"Female",1322,14962806,8.84,"2008-2014","Total"
43,"Male",3799,14780803,25.7,"2008-2014","Total"
44,"Female",1292,15047743,8.59,"2008-2014","Total"
44,"Male",3988,14834316,26.88,"2008-2014","Total"
45,"Female",1389,15133954,9.18,"2008-2014","Total"
45,"Male",4077,14854368,27.45,"2008-2014","Total"
46,"Female",1389,15314778,9.07,"2008-2014","Total"
46,"Male",4347,15001731,28.98,"2008-2014","Total"
47,"Female",1479,15610147,9.47,"2008-2014","Total"
47,"Male",4333,15251362,28.42,"2008-2014","Total"
48,"Female",1560,15889191,9.82,"2008-2014","Total"
48,"Male",4556,15489883,29.41,"2008-2014","Total"
49,"Female",1577,16082612,9.81,"2008-2014","Total"
49,"Male",4729,15633885,30.25,"2008-2014","Total"
50,"Female",1615,16083812,10.05,"2008-2014","Total"
50,"Male",4715,15569557,30.28,"2008-2014","Total"
51,"Female",1588,16077137,9.88,"2008-2014","Total"
51,"Male",4803,15521618,30.95,"2008-2014","Total"
52,"Female",1625,15954345,10.19,"2008-2014","Total"
52,"Male",4728,15339427,30.83,"2008-2014","Total"
53,"Female",1556,15815820,9.84,"2008-2014","Total"
53,"Male",4615,15179481,30.4,"2008-2014","Total"
54,"Female",1538,15642467,9.83,"2008-2014","Total"
54,"Male",4580,14950865,30.63,"2008-2014","Total"
55,"Female",1488,15273294,9.75,"2008-2014","Total"
55,"Male",4401,14482734,30.39,"2008-2014","Total"
56,"Female",1423,14955708,9.52,"2008-2014","Total"
56,"Male",4333,14129436,30.67,"2008-2014","Total"
57,"Female",1295,14591602,8.88,"2008-2014","Total"
57,"Male",3970,13717540,28.94,"2008-2014","Total"
58,"Female",1137,14232572,7.99,"2008-2014","Total"
58,"Male",3933,13322070,29.52,"2008-2014","Total"
59,"Female",1162,13828367,8.41,"2008-2014","Total"
59,"Male",3681,12880705,28.57,"2008-2014","Total"
60,"Female",1070,13409791,7.98,"2008-2014","Total"
60,"Male",3527,12422689,28.39,"2008-2014","Total"
61,"Female",953,13229866,7.2,"2008-2014","Total"
61,"Male",3235,12234150,26.44,"2008-2014","Total"
62,"Female",791,12659703,6.25,"2008-2014","Total"
62,"Male",2733,11654564,23.45,"2008-2014","Total"
63,"Female",757,11987069,6.32,"2008-2014","Total"
63,"Male",2627,10984765,23.92,"2008-2014","Total"
64,"Female",722,11481410,6.29,"2008-2014","Total"
64,"Male",2543,10477775,24.28,"2008-2014","Total"
65,"Female",659,11065275,5.96,"2008-2014","Total"
65,"Male",2346,10027174,23.4,"2008-2014","Total"
66,"Female",615,10486432,5.86,"2008-2014","Total"
66,"Male",2239,9443198,23.72,"2008-2014","Total"
67,"Female",546,9804509,5.57,"2008-2014","Total"
67,"Male",2012,8755921,22.98,"2008-2014","Total"
68,"Female",486,9040243,5.38,"2008-2014","Total"
68,"Male",1976,7986396,24.74,"2008-2014","Total"
69,"Female",440,8672914,5.07,"2008-2014","Total"
69,"Male",1833,7587876,24.16,"2008-2014","Total"
70,"Female",395,8257595,4.78,"2008-2014","Total"
70,"Male",1828,7147991,25.57,"2008-2014","Total"
71,"Female",371,7858096,4.73,"2008-2014","Total"
71,"Male",1701,6733978,25.27,"2008-2014","Total"
72,"Female",329,7348359,4.48,"2008-2014","Total"
72,"Male",1606,6212397,25.86,"2008-2014","Total"
73,"Female",304,7022125,4.33,"2008-2014","Total"
73,"Male",1675,5855163,28.61,"2008-2014","Total"
74,"Female",260,6681922,3.89,"2008-2014","Total"
74,"Male",1521,5494926,27.68,"2008-2014","Total"
75,"Female",269,6352262,4.23,"2008-2014","Total"
75,"Male",1487,5136072,28.96,"2008-2014","Total"
76,"Female",243,6116936,3.97,"2008-2014","Total"
76,"Male",1427,4854183,29.4,"2008-2014","Total"
77,"Female",227,5872145,3.87,"2008-2014","Total"
77,"Male",1371,4562740,30.04,"2008-2014","Total"
78,"Female",207,5686677,3.64,"2008-2014","Total"
78,"Male",1338,4321472,30.97,"2008-2014","Total"
79,"Female",218,5479853,3.98,"2008-2014","Total"
79,"Male",1368,4058516,33.71,"2008-2014","Total"
80,"Female",194,5224413,3.71,"2008-2014","Total"
80,"Male",1327,3766953,35.23,"2008-2014","Total"
81,"Female",200,5059927,3.95,"2008-2014","Total"
81,"Male",1326,3537625,37.48,"2008-2014","Total"
82,"Female",189,4830467,3.92,"2008-2014","Total"
82,"Male",1266,3259498,38.85,"2008-2014","Total"
83,"Female",166,4595069,3.61,"2008-2014","Total"
83,"Male",1215,2990102,40.63,"2008-2014","Total"
84,"Female",162,4317681,3.76,"2008-2014","Total"
84,"Male",1124,2695602,41.69,"2008-2014","Total"
12,"Female",302,16396568,1.84,"2015-2022","Total"
12,"Male",384,17142380,2.24,"2015-2022","Total"
13,"Female",488,16475942,2.96,"2015-2022","Total"
13,"Male",716,17220886,4.16,"2015-2022","Total"
14,"Female",612,16545705,3.7,"2015-2022","Total"
14,"Male",1221,17288121,7.07,"2015-2022","Total"
15,"Female",746,16554179,4.51,"2015-2022","Total"
15,"Male",1740,17300749,10.05,"2015-2022","Total"
16,"Female",865,16545661,5.23,"2015-2022","Total"
16,"Male",2193,17299669,12.68,"2015-2022","Total"
17,"Female",835,16577395,5.04,"2015-2022","Total"
17,"Male",2602,17352098,14.99,"2015-2022","Total"
18,"Female",885,16740789,5.29,"2015-2022","Total"
18,"Male",3243,17507192,18.53,"2015-2022","Total"
19,"Female",922,16987029,5.43,"2015-2022","Total"
19,"Male",3975,17754611,22.39,"2015-2022","Total"
20,"Female",951,17211838,5.53,"2015-2022","Total"
20,"Male",4160,17997999,23.11,"2015-2022","Total"
21,"Female",1081,17331350,6.24,"2015-2022","Total"
21,"Male",5117,18177217,28.15,"2015-2022","Total"
22,"Female",1123,17301582,6.5,"2015-2022","Total"
22,"Male",5179,18211942,28.44,"2015-2022","Total"
23,"Female",1116,17349991,6.43,"2015-2022","Total"
23,"Male",5192,18290306,28.39,"2015-2022","Total"
24,"Female",1106,17534498,6.31,"2015-2022","Total"
24,"Male",5230,18459721,28.34,"2015-2022","Total"
25,"Female",1204,17757330,6.78,"2015-2022","Total"
25,"Male",5255,18634391,28.2,"2015-2022","Total"
26,"Female",1166,17911451,6.51,"2015-2022","Total"
26,"Male",5242,18732071,27.99,"2015-2022","Total"
27,"Female",1145,18018648,6.36,"2015-2022","Total"
27,"Male",5261,18761111,28.04,"2015-2022","Total"
28,"Female",1278,18038812,7.08,"2015-2022","Total"
28,"Male",5126,18703915,27.41,"2015-2022","Total"
29,"Female",1291,18004482,7.17,"2015-2022","Total"
29,"Male",5174,18607804,27.8,"2015-2022","Total"
30,"Female",1285,17963832,7.15,"2015-2022","Total"
30,"Male",5228,18502407,28.25,"2015-2022","Total"
31,"Female",1362,17825531,7.64,"2015-2022","Total"
31,"Male",5201,18302397,28.42,"2015-2022","Total"
32,"Female",1375,17693294,7.77,"2015-2022","Total"
32,"Male",5144,18116850,28.39,"2015-2022","Total"
33,"Female",1308,17563227,7.45,"2015-2022","Total"
33,"Male",5099,17934346,28.43,"2015-2022","Total"
34,"Female",1251,17473545,7.16,"2015-2022","Total"
34,"Male",4924,17788701,27.68,"2015-2022","Total"
35,"Female",1299,17431670,7.46,"2015-2022","Total"
35,"Male",4910,17719637,27.71,"2015-2022","Total"
36,"Female",1396,17308724,8.07,"2015-2022","Total"
36,"Male",4893,17552541,27.87,"2015-2022","Total"
37,"Female",1418,17142894,8.28,"2015-2022","Total"
37,"Male",4737,17342916,27.31,"2015-2022","Total"
38,"Female",1332,16958988,7.86,"2015-2022","Total"
38,"Male",4680,17113786,27.35,"2015-2022","Total"
39,"Female",1314,16750622,7.84,"2015-2022","Total"
39,"Male",4712,16874226,27.93,"2015-2022","Total"
40,"Female",1376,16524119,8.33,"2015-2022","Total"
40,"Male",4553,16605732,27.42,"2015-2022","Total"
41,"Female",1316,16289011,8.08,"2015-2022","Total"
41,"Male",4501,16321971,27.58,"2015-2022","Total"
42,"Female",1337,16112079,8.3,"2015-2022","Total"
42,"Male",4344,16089100,27,"2015-2022","Total"
43,"Female",1381,16021878,8.62,"2015-2022","Total"
43,"Male",4367,15954063,27.37,"2015-2022","Total"
44,"Female",1410,16124162,8.75,"2015-2022","Total"
44,"Male",4432,16019541,27.67,"2015-2022","Total"
45,"Female",1438,16255916,8.85,"2015-2022","Total"
45,"Male",4510,16125584,27.97,"2015-2022","Total"
46,"Female",1553,16314685,9.52,"2015-2022","Total"
46,"Male",4616,16173236,28.54,"2015-2022","Total"
47,"Female",1527,16394212,9.31,"2015-2022","Total"
47,"Male",4631,16244284,28.51,"2015-2022","Total"
48,"Female",1600,16464696,9.72,"2015-2022","Total"
48,"Male",4721,16297892,28.97,"2015-2022","Total"
49,"Female",1634,16606551,9.84,"2015-2022","Total"
49,"Male",4721,16443022,28.71,"2015-2022","Total"
50,"Female",1589,16795617,9.46,"2015-2022","Total"
50,"Male",4756,16613222,28.63,"2015-2022","Total"
51,"Female",1687,16976986,9.94,"2015-2022","Total"
51,"Male",4880,16746214,29.15,"2015-2022","Total"
52,"Female",1792,17046542,10.52,"2015-2022","Total"
52,"Male",5043,16741525,30.13,"2015-2022","Total"
53,"Female",1786,17152303,10.41,"2015-2022","Total"
53,"Male",5078,16763846,30.29,"2015-2022","Total"
54,"Female",1810,17360641,10.43,"2015-2022","Total"
54,"Male",5165,16878202,30.6,"2015-2022","Total"
55,"Female",1721,17586635,9.79,"2015-2022","Total"
55,"Male",5120,17009706,30.1,"2015-2022","Total"
56,"Female",1766,17733809,9.96,"2015-2022","Total"
56,"Male",5157,17074162,30.21,"2015-2022","Total"
57,"Female",1681,17843937,9.42,"2015-2022","Total"
57,"Male",5377,17095141,31.45,"2015-2022","Total"
58,"Female",1746,17857754,9.78,"2015-2022","Total"
58,"Male",5130,17027936,30.12,"2015-2022","Total"
59,"Female",1545,17711708,8.72,"2015-2022","Total"
59,"Male",5041,16801970,30,"2015-2022","Total"
60,"Female",1497,17492742,8.56,"2015-2022","Total"
60,"Male",4804,16497452,29.12,"2015-2022","Total"
61,"Female",1433,17222845,8.32,"2015-2022","Total"
61,"Male",4739,16130841,29.38,"2015-2022","Total"
62,"Female",1267,16874683,7.51,"2015-2022","Total"
62,"Male",4324,15694325,27.56,"2015-2022","Total"
63,"Female",1236,16475474,7.5,"2015-2022","Total"
63,"Male",3936,15212613,25.88,"2015-2022","Total"
64,"Female",1210,16044774,7.54,"2015-2022","Total"
64,"Male",3819,14697690,25.98,"2015-2022","Total"
65,"Female",1035,15559147,6.65,"2015-2022","Total"
65,"Male",3624,14140668,25.63,"2015-2022","Total"
66,"Female",955,15068284,6.34,"2015-2022","Total"
66,"Male",3394,13595233,24.97,"2015-2022","Total"
67,"Female",926,14641057,6.33,"2015-2022","Total"
67,"Male",3349,13128543,25.51,"2015-2022","Total"
68,"Female",898,14333920,6.27,"2015-2022","Total"
68,"Male",3237,12780195,25.33,"2015-2022","Total"
69,"Female",840,13591800,6.18,"2015-2022","Total"
69,"Male",3125,12036494,25.96,"2015-2022","Total"
70,"Female",739,12881422,5.73,"2015-2022","Total"
70,"Male",3002,11319183,26.52,"2015-2022","Total"
71,"Female",682,12223224,5.58,"2015-2022","Total"
71,"Male",2761,10650322,25.93,"2015-2022","Total"
72,"Female",611,11659399,5.24,"2015-2022","Total"
72,"Male",2718,10078957,26.97,"2015-2022","Total"
73,"Female",575,11015831,5.22,"2015-2022","Total"
73,"Male",2747,9457523,29.05,"2015-2022","Total"
74,"Female",539,10292166,5.24,"2015-2022","Total"
74,"Male",2564,8733281,29.36,"2015-2022","Total"
75,"Female",476,9526894,5,"2015-2022","Total"
75,"Male",2640,7972386,33.12,"2015-2022","Total"
76,"Female",445,8646414,5.15,"2015-2022","Total"
76,"Male",2358,7108177,33.17,"2015-2022","Total"
77,"Female",400,8170518,4.89,"2015-2022","Total"
77,"Male",2309,6617943,34.9,"2015-2022","Total"
78,"Female",354,7665736,4.62,"2015-2022","Total"
78,"Male",2214,6106800,36.26,"2015-2022","Total"
79,"Female",334,7151472,4.67,"2015-2022","Total"
79,"Male",2111,5592922,37.75,"2015-2022","Total"
80,"Female",271,6588940,4.11,"2015-2022","Total"
80,"Male",1934,5037857,38.39,"2015-2022","Total"
81,"Female",265,6104635,4.35,"2015-2022","Total"
81,"Male",1784,4555978,39.16,"2015-2022","Total"
82,"Female",210,5685681,3.69,"2015-2022","Total"
82,"Male",1724,4132721,41.72,"2015-2022","Total"
83,"Female",205,5295634,3.87,"2015-2022","Total"
83,"Male",1605,3740757,42.91,"2015-2022","Total"
84,"Female",196,4921087,3.98,"2015-2022","Total"
84,"Male",1500,3365918,44.57,"2015-2022","Total"
